{"2024-07-28": {"hybrid": 44802.22265625, "prophet": 0.0, "arima": 54289.99246527434}}