{"2024-07-28": {"hybrid": 61926.8203125, "prophet": 0.0, "arima": 54083.279716789504}}