{"2024-07-28": {"hybrid": 50235.7421875, "prophet": 0.0, "arima": 54083.279716789504}}