{"2024-08-10": {"hybrid": 57275.4921875, "prophet": -303995.4701114622, "arima": 54289.99246527434}}