{"2024-07-28": {"arima": 54083.279716789504, "lstm": 9663.6357421875}}