{"2024-07-28": {"hybrid": 56015.796875, "prophet": 0.0, "arima": 54083.279716789504}}